timestamp,total_seconds_elapsed,movement,status
Mon Jan  1 00:00:00 1900,0,False,False
Mon Jan  1 00:01:00 1900,60,True,True
Mon Jan  1 00:02:00 1900,120,False,False
Mon Jan  1 00:03:00 1900,180,True,True
Mon Jan  1 00:04:00 1900,240,False,False
Mon Jan  1 00:05:00 1900,300,False,False
Mon Jan  1 00:06:00 1900,360,False,False
Mon Jan  1 00:07:00 1900,420,True,True
Mon Jan  1 00:08:00 1900,480,False,False
Mon Jan  1 00:09:00 1900,540,True,True
Mon Jan  1 00:10:00 1900,600,False,False
Mon Jan  1 00:11:00 1900,660,False,False
Mon Jan  1 00:12:00 1900,720,True,True
Mon Jan  1 00:13:00 1900,780,True,True
Mon Jan  1 00:14:00 1900,840,False,False
Mon Jan  1 00:15:00 1900,900,True,True
Mon Jan  1 00:16:00 1900,960,True,True
Mon Jan  1 00:17:00 1900,1020,True,True
Mon Jan  1 00:18:00 1900,1080,True,True
Mon Jan  1 00:19:00 1900,1140,True,True
Mon Jan  1 00:20:00 1900,1200,True,True
Mon Jan  1 00:21:00 1900,1260,False,False
Mon Jan  1 00:22:00 1900,1320,False,False
Mon Jan  1 00:23:00 1900,1380,False,False
Mon Jan  1 00:24:00 1900,1440,False,False
Mon Jan  1 00:25:00 1900,1500,True,True
Mon Jan  1 00:26:00 1900,1560,False,False
Mon Jan  1 00:27:00 1900,1620,False,False
Mon Jan  1 00:28:00 1900,1680,True,True
Mon Jan  1 00:29:00 1900,1740,True,True
Mon Jan  1 00:30:00 1900,1800,True,True
Mon Jan  1 00:31:00 1900,1860,True,True
Mon Jan  1 00:32:00 1900,1920,True,True
Mon Jan  1 00:33:00 1900,1980,True,True
Mon Jan  1 00:34:00 1900,2040,False,False
Mon Jan  1 00:35:00 1900,2100,False,False
Mon Jan  1 00:36:00 1900,2160,False,False
Mon Jan  1 00:37:00 1900,2220,False,False
Mon Jan  1 00:38:00 1900,2280,True,True
Mon Jan  1 00:39:00 1900,2340,True,True
Mon Jan  1 00:40:00 1900,2400,True,True
Mon Jan  1 00:41:00 1900,2460,False,False
Mon Jan  1 00:42:00 1900,2520,False,False
Mon Jan  1 00:43:00 1900,2580,True,True
Mon Jan  1 00:44:00 1900,2640,False,False
Mon Jan  1 00:45:00 1900,2700,False,False
Mon Jan  1 00:46:00 1900,2760,True,True
Mon Jan  1 00:47:00 1900,2820,False,False
Mon Jan  1 00:48:00 1900,2880,True,True
Mon Jan  1 00:49:00 1900,2940,True,True
Mon Jan  1 00:50:00 1900,3000,False,False
Mon Jan  1 00:51:00 1900,3060,True,True
Mon Jan  1 00:52:00 1900,3120,True,True
Mon Jan  1 00:53:00 1900,3180,False,False
Mon Jan  1 00:54:00 1900,3240,True,True
Mon Jan  1 00:55:00 1900,3300,False,False
Mon Jan  1 00:56:00 1900,3360,False,False
Mon Jan  1 00:57:00 1900,3420,True,True
Mon Jan  1 00:58:00 1900,3480,False,False
Mon Jan  1 00:59:00 1900,3540,False,False
Mon Jan  1 01:00:00 1900,3600,False,False
Mon Jan  1 01:01:00 1900,3660,True,True
Mon Jan  1 01:02:00 1900,3720,True,True
Mon Jan  1 01:03:00 1900,3780,False,False
Mon Jan  1 01:04:00 1900,3840,True,True
Mon Jan  1 01:05:00 1900,3900,False,False
Mon Jan  1 01:06:00 1900,3960,True,True
Mon Jan  1 01:07:00 1900,4020,True,True
Mon Jan  1 01:08:00 1900,4080,True,True
Mon Jan  1 01:09:00 1900,4140,False,False
Mon Jan  1 01:10:00 1900,4200,False,False
Mon Jan  1 01:11:00 1900,4260,True,True
Mon Jan  1 01:12:00 1900,4320,True,True
Mon Jan  1 01:13:00 1900,4380,False,False
Mon Jan  1 01:14:00 1900,4440,False,False
Mon Jan  1 01:15:00 1900,4500,True,True
Mon Jan  1 01:16:00 1900,4560,False,False
Mon Jan  1 01:17:00 1900,4620,False,False
Mon Jan  1 01:18:00 1900,4680,False,False
Mon Jan  1 01:19:00 1900,4740,True,True
Mon Jan  1 01:20:00 1900,4800,True,True
Mon Jan  1 01:21:00 1900,4860,True,True
Mon Jan  1 01:22:00 1900,4920,False,False
Mon Jan  1 01:23:00 1900,4980,False,False
Mon Jan  1 01:24:00 1900,5040,False,False
Mon Jan  1 01:25:00 1900,5100,False,False
Mon Jan  1 01:26:00 1900,5160,True,True
Mon Jan  1 01:27:00 1900,5220,False,False
Mon Jan  1 01:28:00 1900,5280,False,False
Mon Jan  1 01:29:00 1900,5340,True,True
Mon Jan  1 01:30:00 1900,5400,True,True
Mon Jan  1 01:31:00 1900,5460,True,True
Mon Jan  1 01:32:00 1900,5520,False,False
Mon Jan  1 01:33:00 1900,5580,False,False
Mon Jan  1 01:34:00 1900,5640,False,False
Mon Jan  1 01:35:00 1900,5700,True,True
Mon Jan  1 01:36:00 1900,5760,False,False
Mon Jan  1 01:37:00 1900,5820,False,False
Mon Jan  1 01:38:00 1900,5880,True,True
Mon Jan  1 01:39:00 1900,5940,False,False
Mon Jan  1 01:40:00 1900,6000,True,True
Mon Jan  1 01:41:00 1900,6060,True,True
Mon Jan  1 01:42:00 1900,6120,True,True
Mon Jan  1 01:43:00 1900,6180,False,False
Mon Jan  1 01:44:00 1900,6240,True,True
Mon Jan  1 01:45:00 1900,6300,False,False
Mon Jan  1 01:46:00 1900,6360,True,True
Mon Jan  1 01:47:00 1900,6420,False,False
Mon Jan  1 01:48:00 1900,6480,True,True
Mon Jan  1 01:49:00 1900,6540,False,False
Mon Jan  1 01:50:00 1900,6600,True,True
Mon Jan  1 01:51:00 1900,6660,False,False
Mon Jan  1 01:52:00 1900,6720,True,True
Mon Jan  1 01:53:00 1900,6780,True,True
Mon Jan  1 01:54:00 1900,6840,True,True
Mon Jan  1 01:55:00 1900,6900,True,True
Mon Jan  1 01:56:00 1900,6960,True,True
Mon Jan  1 01:57:00 1900,7020,True,True
Mon Jan  1 01:58:00 1900,7080,True,True
Mon Jan  1 01:59:00 1900,7140,False,False
Mon Jan  1 02:00:00 1900,7200,False,False
Mon Jan  1 02:01:00 1900,7260,True,True
Mon Jan  1 02:02:00 1900,7320,True,True
Mon Jan  1 02:03:00 1900,7380,True,True
Mon Jan  1 02:04:00 1900,7440,False,False
Mon Jan  1 02:05:00 1900,7500,False,False
Mon Jan  1 02:06:00 1900,7560,False,False
Mon Jan  1 02:07:00 1900,7620,True,True
Mon Jan  1 02:08:00 1900,7680,False,False
Mon Jan  1 02:09:00 1900,7740,True,True
Mon Jan  1 02:10:00 1900,7800,False,False
Mon Jan  1 02:11:00 1900,7860,False,False
Mon Jan  1 02:12:00 1900,7920,False,False
Mon Jan  1 02:13:00 1900,7980,False,False
Mon Jan  1 02:14:00 1900,8040,False,False
Mon Jan  1 02:15:00 1900,8100,True,True
Mon Jan  1 02:16:00 1900,8160,False,False
Mon Jan  1 02:17:00 1900,8220,False,False
Mon Jan  1 02:18:00 1900,8280,True,True
Mon Jan  1 02:19:00 1900,8340,True,True
Mon Jan  1 02:20:00 1900,8400,True,True
Mon Jan  1 02:21:00 1900,8460,False,False
Mon Jan  1 02:22:00 1900,8520,True,True
Mon Jan  1 02:23:00 1900,8580,True,True
Mon Jan  1 02:24:00 1900,8640,False,False
Mon Jan  1 02:25:00 1900,8700,True,True
Mon Jan  1 02:26:00 1900,8760,False,False
Mon Jan  1 02:27:00 1900,8820,True,True
Mon Jan  1 02:28:00 1900,8880,False,False
Mon Jan  1 02:29:00 1900,8940,True,True
Mon Jan  1 02:30:00 1900,9000,True,True
Mon Jan  1 02:31:00 1900,9060,True,True
Mon Jan  1 02:32:00 1900,9120,True,True
Mon Jan  1 02:33:00 1900,9180,False,False
Mon Jan  1 02:34:00 1900,9240,True,True
Mon Jan  1 02:35:00 1900,9300,False,False
Mon Jan  1 02:36:00 1900,9360,True,True
Mon Jan  1 02:37:00 1900,9420,True,True
Mon Jan  1 02:38:00 1900,9480,False,False
Mon Jan  1 02:39:00 1900,9540,True,True
Mon Jan  1 02:40:00 1900,9600,False,False
Mon Jan  1 02:41:00 1900,9660,True,True
Mon Jan  1 02:42:00 1900,9720,False,False
Mon Jan  1 02:43:00 1900,9780,True,True
Mon Jan  1 02:44:00 1900,9840,True,True
Mon Jan  1 02:45:00 1900,9900,False,False
Mon Jan  1 02:46:00 1900,9960,False,False
Mon Jan  1 02:47:00 1900,10020,True,True
Mon Jan  1 02:48:00 1900,10080,True,True
Mon Jan  1 02:49:00 1900,10140,False,False
Mon Jan  1 02:50:00 1900,10200,True,True
Mon Jan  1 02:51:00 1900,10260,False,False
Mon Jan  1 02:52:00 1900,10320,False,False
Mon Jan  1 02:53:00 1900,10380,True,True
Mon Jan  1 02:54:00 1900,10440,False,False
Mon Jan  1 02:55:00 1900,10500,False,False
Mon Jan  1 02:56:00 1900,10560,False,False
Mon Jan  1 02:57:00 1900,10620,False,False
Mon Jan  1 02:58:00 1900,10680,True,True
Mon Jan  1 02:59:00 1900,10740,False,False
Mon Jan  1 03:00:00 1900,10800,False,False
Mon Jan  1 03:01:00 1900,10860,True,True
Mon Jan  1 03:02:00 1900,10920,True,True
Mon Jan  1 03:03:00 1900,10980,True,True
Mon Jan  1 03:04:00 1900,11040,True,True
Mon Jan  1 03:05:00 1900,11100,True,True
Mon Jan  1 03:06:00 1900,11160,True,True
Mon Jan  1 03:07:00 1900,11220,False,False
Mon Jan  1 03:08:00 1900,11280,True,True
Mon Jan  1 03:09:00 1900,11340,True,True
Mon Jan  1 03:10:00 1900,11400,True,True
Mon Jan  1 03:11:00 1900,11460,False,False
Mon Jan  1 03:12:00 1900,11520,False,False
Mon Jan  1 03:13:00 1900,11580,True,True
Mon Jan  1 03:14:00 1900,11640,False,False
Mon Jan  1 03:15:00 1900,11700,True,True
Mon Jan  1 03:16:00 1900,11760,False,False
Mon Jan  1 03:17:00 1900,11820,True,True
Mon Jan  1 03:18:00 1900,11880,True,True
Mon Jan  1 03:19:00 1900,11940,False,False
Mon Jan  1 03:20:00 1900,12000,True,True
Mon Jan  1 03:21:00 1900,12060,False,False
Mon Jan  1 03:22:00 1900,12120,True,True
Mon Jan  1 03:23:00 1900,12180,False,False
Mon Jan  1 03:24:00 1900,12240,False,False
Mon Jan  1 03:25:00 1900,12300,True,True
Mon Jan  1 03:26:00 1900,12360,True,True
Mon Jan  1 03:27:00 1900,12420,False,False
Mon Jan  1 03:28:00 1900,12480,False,False
Mon Jan  1 03:29:00 1900,12540,True,True
Mon Jan  1 03:30:00 1900,12600,True,True
Mon Jan  1 03:31:00 1900,12660,False,False
Mon Jan  1 03:32:00 1900,12720,False,False
Mon Jan  1 03:33:00 1900,12780,True,True
Mon Jan  1 03:34:00 1900,12840,False,False
Mon Jan  1 03:35:00 1900,12900,False,False
Mon Jan  1 03:36:00 1900,12960,True,True
Mon Jan  1 03:37:00 1900,13020,True,True
Mon Jan  1 03:38:00 1900,13080,False,False
Mon Jan  1 03:39:00 1900,13140,False,False
Mon Jan  1 03:40:00 1900,13200,True,True
Mon Jan  1 03:41:00 1900,13260,True,True
Mon Jan  1 03:42:00 1900,13320,True,True
Mon Jan  1 03:43:00 1900,13380,False,False
Mon Jan  1 03:44:00 1900,13440,True,True
Mon Jan  1 03:45:00 1900,13500,True,True
Mon Jan  1 03:46:00 1900,13560,True,True
Mon Jan  1 03:47:00 1900,13620,False,False
Mon Jan  1 03:48:00 1900,13680,True,True
Mon Jan  1 03:49:00 1900,13740,True,True
Mon Jan  1 03:50:00 1900,13800,True,True
Mon Jan  1 03:51:00 1900,13860,True,True
Mon Jan  1 03:52:00 1900,13920,True,True
Mon Jan  1 03:53:00 1900,13980,True,True
Mon Jan  1 03:54:00 1900,14040,False,False
Mon Jan  1 03:55:00 1900,14100,True,True
Mon Jan  1 03:56:00 1900,14160,True,True
Mon Jan  1 03:57:00 1900,14220,True,True
Mon Jan  1 03:58:00 1900,14280,False,False
Mon Jan  1 03:59:00 1900,14340,False,False
Mon Jan  1 04:00:00 1900,14400,False,False
Mon Jan  1 04:01:00 1900,14460,True,True
Mon Jan  1 04:02:00 1900,14520,True,True
Mon Jan  1 04:03:00 1900,14580,False,False
Mon Jan  1 04:04:00 1900,14640,True,True
Mon Jan  1 04:05:00 1900,14700,True,True
Mon Jan  1 04:06:00 1900,14760,True,True
Mon Jan  1 04:07:00 1900,14820,False,False
Mon Jan  1 04:08:00 1900,14880,True,True
Mon Jan  1 04:09:00 1900,14940,True,True
Mon Jan  1 04:10:00 1900,15000,False,False
Mon Jan  1 04:11:00 1900,15060,False,False
Mon Jan  1 04:12:00 1900,15120,True,True
Mon Jan  1 04:13:00 1900,15180,True,True
Mon Jan  1 04:14:00 1900,15240,False,False
Mon Jan  1 04:15:00 1900,15300,False,False
Mon Jan  1 04:16:00 1900,15360,True,True
Mon Jan  1 04:17:00 1900,15420,False,False
Mon Jan  1 04:18:00 1900,15480,True,True
Mon Jan  1 04:19:00 1900,15540,False,False
Mon Jan  1 04:20:00 1900,15600,False,False
Mon Jan  1 04:21:00 1900,15660,True,True
Mon Jan  1 04:22:00 1900,15720,False,False
Mon Jan  1 04:23:00 1900,15780,True,True
Mon Jan  1 04:24:00 1900,15840,False,False
Mon Jan  1 04:25:00 1900,15900,False,False
Mon Jan  1 04:26:00 1900,15960,True,True
Mon Jan  1 04:27:00 1900,16020,True,True
Mon Jan  1 04:28:00 1900,16080,False,False
Mon Jan  1 04:29:00 1900,16140,False,False
Mon Jan  1 04:30:00 1900,16200,False,False
Mon Jan  1 04:31:00 1900,16260,True,True
Mon Jan  1 04:32:00 1900,16320,True,True
Mon Jan  1 04:33:00 1900,16380,True,True
Mon Jan  1 04:34:00 1900,16440,False,False
Mon Jan  1 04:35:00 1900,16500,False,False
Mon Jan  1 04:36:00 1900,16560,True,True
Mon Jan  1 04:37:00 1900,16620,False,False
Mon Jan  1 04:38:00 1900,16680,True,True
Mon Jan  1 04:39:00 1900,16740,False,False
Mon Jan  1 04:40:00 1900,16800,False,False
Mon Jan  1 04:41:00 1900,16860,False,False
Mon Jan  1 04:42:00 1900,16920,True,True
Mon Jan  1 04:43:00 1900,16980,True,True
Mon Jan  1 04:44:00 1900,17040,True,True
Mon Jan  1 04:45:00 1900,17100,True,True
Mon Jan  1 04:46:00 1900,17160,False,False
Mon Jan  1 04:47:00 1900,17220,True,True
Mon Jan  1 04:48:00 1900,17280,False,False
Mon Jan  1 04:49:00 1900,17340,True,True
Mon Jan  1 04:50:00 1900,17400,True,True
Mon Jan  1 04:51:00 1900,17460,True,True
Mon Jan  1 04:52:00 1900,17520,False,False
Mon Jan  1 04:53:00 1900,17580,True,True
Mon Jan  1 04:54:00 1900,17640,False,False
Mon Jan  1 04:55:00 1900,17700,True,True
Mon Jan  1 04:56:00 1900,17760,True,True
Mon Jan  1 04:57:00 1900,17820,True,True
Mon Jan  1 04:58:00 1900,17880,True,True
Mon Jan  1 04:59:00 1900,17940,False,False
Mon Jan  1 05:00:00 1900,18000,True,True
Mon Jan  1 05:01:00 1900,18060,False,False
Mon Jan  1 05:02:00 1900,18120,False,False
Mon Jan  1 05:03:00 1900,18180,False,False
Mon Jan  1 05:04:00 1900,18240,True,True
Mon Jan  1 05:05:00 1900,18300,True,True
Mon Jan  1 05:06:00 1900,18360,True,True
Mon Jan  1 05:07:00 1900,18420,True,True
Mon Jan  1 05:08:00 1900,18480,False,False
Mon Jan  1 05:09:00 1900,18540,True,True
Mon Jan  1 05:10:00 1900,18600,True,True
Mon Jan  1 05:11:00 1900,18660,False,False
Mon Jan  1 05:12:00 1900,18720,True,True
Mon Jan  1 05:13:00 1900,18780,False,False
Mon Jan  1 05:14:00 1900,18840,False,False
Mon Jan  1 05:15:00 1900,18900,True,True
Mon Jan  1 05:16:00 1900,18960,True,True
Mon Jan  1 05:17:00 1900,19020,True,True
Mon Jan  1 05:18:00 1900,19080,True,True
Mon Jan  1 05:19:00 1900,19140,False,False
Mon Jan  1 05:20:00 1900,19200,False,False
Mon Jan  1 05:21:00 1900,19260,False,False
Mon Jan  1 05:22:00 1900,19320,False,False
Mon Jan  1 05:23:00 1900,19380,False,False
Mon Jan  1 05:24:00 1900,19440,True,True
Mon Jan  1 05:25:00 1900,19500,False,False
Mon Jan  1 05:26:00 1900,19560,True,True
Mon Jan  1 05:27:00 1900,19620,True,True
Mon Jan  1 05:28:00 1900,19680,False,False
Mon Jan  1 05:29:00 1900,19740,False,False
Mon Jan  1 05:30:00 1900,19800,False,False
Mon Jan  1 05:31:00 1900,19860,False,False
Mon Jan  1 05:32:00 1900,19920,True,True
Mon Jan  1 05:33:00 1900,19980,True,True
Mon Jan  1 05:34:00 1900,20040,False,False
Mon Jan  1 05:35:00 1900,20100,True,True
Mon Jan  1 05:36:00 1900,20160,False,False
Mon Jan  1 05:37:00 1900,20220,True,True
Mon Jan  1 05:38:00 1900,20280,False,False
Mon Jan  1 05:39:00 1900,20340,False,False
Mon Jan  1 05:40:00 1900,20400,True,True
Mon Jan  1 05:41:00 1900,20460,True,True
Mon Jan  1 05:42:00 1900,20520,False,False
Mon Jan  1 05:43:00 1900,20580,False,False
Mon Jan  1 05:44:00 1900,20640,True,True
Mon Jan  1 05:45:00 1900,20700,True,True
Mon Jan  1 05:46:00 1900,20760,True,True
Mon Jan  1 05:47:00 1900,20820,False,False
Mon Jan  1 05:48:00 1900,20880,True,True
Mon Jan  1 05:49:00 1900,20940,True,True
Mon Jan  1 05:50:00 1900,21000,False,False
Mon Jan  1 05:51:00 1900,21060,True,True
Mon Jan  1 05:52:00 1900,21120,False,False
Mon Jan  1 05:53:00 1900,21180,True,True
Mon Jan  1 05:54:00 1900,21240,False,False
Mon Jan  1 05:55:00 1900,21300,False,False
Mon Jan  1 05:56:00 1900,21360,False,False
Mon Jan  1 05:57:00 1900,21420,False,False
Mon Jan  1 05:58:00 1900,21480,False,False
Mon Jan  1 05:59:00 1900,21540,True,True
Mon Jan  1 06:00:00 1900,21600,True,True
Mon Jan  1 06:01:00 1900,21660,False,False
Mon Jan  1 06:02:00 1900,21720,True,True
Mon Jan  1 06:03:00 1900,21780,False,False
Mon Jan  1 06:04:00 1900,21840,False,False
Mon Jan  1 06:05:00 1900,21900,False,False
Mon Jan  1 06:06:00 1900,21960,False,False
Mon Jan  1 06:07:00 1900,22020,True,True
Mon Jan  1 06:08:00 1900,22080,False,False
Mon Jan  1 06:09:00 1900,22140,False,False
Mon Jan  1 06:10:00 1900,22200,False,False
Mon Jan  1 06:11:00 1900,22260,True,True
Mon Jan  1 06:12:00 1900,22320,True,True
Mon Jan  1 06:13:00 1900,22380,True,True
Mon Jan  1 06:14:00 1900,22440,False,False
Mon Jan  1 06:15:00 1900,22500,True,True
Mon Jan  1 06:16:00 1900,22560,True,True
Mon Jan  1 06:17:00 1900,22620,True,True
Mon Jan  1 06:18:00 1900,22680,False,False
Mon Jan  1 06:19:00 1900,22740,False,False
Mon Jan  1 06:20:00 1900,22800,True,True
Mon Jan  1 06:21:00 1900,22860,True,True
Mon Jan  1 06:22:00 1900,22920,True,True
Mon Jan  1 06:23:00 1900,22980,True,True
Mon Jan  1 06:24:00 1900,23040,True,True
Mon Jan  1 06:25:00 1900,23100,True,True
Mon Jan  1 06:26:00 1900,23160,False,False
Mon Jan  1 06:27:00 1900,23220,False,False
Mon Jan  1 06:28:00 1900,23280,True,True
Mon Jan  1 06:29:00 1900,23340,False,False
Mon Jan  1 06:30:00 1900,23400,False,False
Mon Jan  1 06:31:00 1900,23460,True,True
Mon Jan  1 06:32:00 1900,23520,True,True
Mon Jan  1 06:33:00 1900,23580,False,False
Mon Jan  1 06:34:00 1900,23640,False,False
Mon Jan  1 06:35:00 1900,23700,False,False
Mon Jan  1 06:36:00 1900,23760,True,True
Mon Jan  1 06:37:00 1900,23820,True,True
Mon Jan  1 06:38:00 1900,23880,False,False
Mon Jan  1 06:39:00 1900,23940,False,False
Mon Jan  1 06:40:00 1900,24000,True,True
Mon Jan  1 06:41:00 1900,24060,False,False
Mon Jan  1 06:42:00 1900,24120,True,True
Mon Jan  1 06:43:00 1900,24180,True,True
Mon Jan  1 06:44:00 1900,24240,True,True
Mon Jan  1 06:45:00 1900,24300,True,True
Mon Jan  1 06:46:00 1900,24360,False,False
Mon Jan  1 06:47:00 1900,24420,False,False
Mon Jan  1 06:48:00 1900,24480,False,False
Mon Jan  1 06:49:00 1900,24540,False,False
Mon Jan  1 06:50:00 1900,24600,False,False
Mon Jan  1 06:51:00 1900,24660,False,False
Mon Jan  1 06:52:00 1900,24720,True,True
Mon Jan  1 06:53:00 1900,24780,False,False
Mon Jan  1 06:54:00 1900,24840,False,False
Mon Jan  1 06:55:00 1900,24900,True,True
Mon Jan  1 06:56:00 1900,24960,True,True
Mon Jan  1 06:57:00 1900,25020,False,False
Mon Jan  1 06:58:00 1900,25080,True,True
Mon Jan  1 06:59:00 1900,25140,False,False
Mon Jan  1 07:00:00 1900,25200,False,False
Mon Jan  1 07:01:00 1900,25260,False,False
Mon Jan  1 07:02:00 1900,25320,True,False
Mon Jan  1 07:03:00 1900,25380,True,False
Mon Jan  1 07:04:00 1900,25440,True,False
Mon Jan  1 07:05:00 1900,25500,False,False
Mon Jan  1 07:06:00 1900,25560,True,False
Mon Jan  1 07:07:00 1900,25620,False,False
Mon Jan  1 07:08:00 1900,25680,True,False
Mon Jan  1 07:09:00 1900,25740,False,False
Mon Jan  1 07:10:00 1900,25800,False,False
Mon Jan  1 07:11:00 1900,25860,True,False
Mon Jan  1 07:12:00 1900,25920,True,False
Mon Jan  1 07:13:00 1900,25980,True,False
Mon Jan  1 07:14:00 1900,26040,True,False
Mon Jan  1 07:15:00 1900,26100,False,False
Mon Jan  1 07:16:00 1900,26160,False,False
Mon Jan  1 07:17:00 1900,26220,True,False
Mon Jan  1 07:18:00 1900,26280,True,False
Mon Jan  1 07:19:00 1900,26340,True,False
Mon Jan  1 07:20:00 1900,26400,False,False
Mon Jan  1 07:21:00 1900,26460,False,False
Mon Jan  1 07:22:00 1900,26520,False,False
Mon Jan  1 07:23:00 1900,26580,False,False
Mon Jan  1 07:24:00 1900,26640,True,False
Mon Jan  1 07:25:00 1900,26700,False,False
Mon Jan  1 07:26:00 1900,26760,True,False
Mon Jan  1 07:27:00 1900,26820,True,False
Mon Jan  1 07:28:00 1900,26880,True,False
Mon Jan  1 07:29:00 1900,26940,True,False
Mon Jan  1 07:30:00 1900,27000,False,False
Mon Jan  1 07:31:00 1900,27060,True,False
Mon Jan  1 07:32:00 1900,27120,False,False
Mon Jan  1 07:33:00 1900,27180,True,False
Mon Jan  1 07:34:00 1900,27240,False,False
Mon Jan  1 07:35:00 1900,27300,False,False
Mon Jan  1 07:36:00 1900,27360,True,False
Mon Jan  1 07:37:00 1900,27420,True,False
Mon Jan  1 07:38:00 1900,27480,False,False
Mon Jan  1 07:39:00 1900,27540,True,False
Mon Jan  1 07:40:00 1900,27600,True,False
Mon Jan  1 07:41:00 1900,27660,True,False
Mon Jan  1 07:42:00 1900,27720,False,False
Mon Jan  1 07:43:00 1900,27780,True,False
Mon Jan  1 07:44:00 1900,27840,False,False
Mon Jan  1 07:45:00 1900,27900,True,False
Mon Jan  1 07:46:00 1900,27960,False,False
Mon Jan  1 07:47:00 1900,28020,True,False
Mon Jan  1 07:48:00 1900,28080,True,False
Mon Jan  1 07:49:00 1900,28140,True,False
Mon Jan  1 07:50:00 1900,28200,True,False
Mon Jan  1 07:51:00 1900,28260,True,False
Mon Jan  1 07:52:00 1900,28320,True,False
Mon Jan  1 07:53:00 1900,28380,True,False
Mon Jan  1 07:54:00 1900,28440,False,False
Mon Jan  1 07:55:00 1900,28500,True,False
Mon Jan  1 07:56:00 1900,28560,True,False
Mon Jan  1 07:57:00 1900,28620,True,False
Mon Jan  1 07:58:00 1900,28680,True,False
Mon Jan  1 07:59:00 1900,28740,False,False
Mon Jan  1 08:00:00 1900,28800,True,False
Mon Jan  1 08:01:00 1900,28860,True,False
Mon Jan  1 08:02:00 1900,28920,True,False
Mon Jan  1 08:03:00 1900,28980,False,False
Mon Jan  1 08:04:00 1900,29040,True,False
Mon Jan  1 08:05:00 1900,29100,True,False
Mon Jan  1 08:06:00 1900,29160,False,False
Mon Jan  1 08:07:00 1900,29220,False,False
Mon Jan  1 08:08:00 1900,29280,True,False
Mon Jan  1 08:09:00 1900,29340,True,False
Mon Jan  1 08:10:00 1900,29400,True,False
Mon Jan  1 08:11:00 1900,29460,False,False
Mon Jan  1 08:12:00 1900,29520,True,False
Mon Jan  1 08:13:00 1900,29580,False,False
Mon Jan  1 08:14:00 1900,29640,False,False
Mon Jan  1 08:15:00 1900,29700,False,False
Mon Jan  1 08:16:00 1900,29760,True,False
Mon Jan  1 08:17:00 1900,29820,False,False
Mon Jan  1 08:18:00 1900,29880,False,False
Mon Jan  1 08:19:00 1900,29940,True,False
Mon Jan  1 08:20:00 1900,30000,False,False
Mon Jan  1 08:21:00 1900,30060,False,False
Mon Jan  1 08:22:00 1900,30120,True,False
Mon Jan  1 08:23:00 1900,30180,False,False
Mon Jan  1 08:24:00 1900,30240,True,False
Mon Jan  1 08:25:00 1900,30300,True,False
Mon Jan  1 08:26:00 1900,30360,True,False
Mon Jan  1 08:27:00 1900,30420,True,False
Mon Jan  1 08:28:00 1900,30480,True,False
Mon Jan  1 08:29:00 1900,30540,False,False
Mon Jan  1 08:30:00 1900,30600,True,False
Mon Jan  1 08:31:00 1900,30660,False,False
Mon Jan  1 08:32:00 1900,30720,True,False
Mon Jan  1 08:33:00 1900,30780,True,False
Mon Jan  1 08:34:00 1900,30840,True,False
Mon Jan  1 08:35:00 1900,30900,True,False
Mon Jan  1 08:36:00 1900,30960,True,False
Mon Jan  1 08:37:00 1900,31020,False,False
Mon Jan  1 08:38:00 1900,31080,True,False
Mon Jan  1 08:39:00 1900,31140,False,False
Mon Jan  1 08:40:00 1900,31200,False,False
Mon Jan  1 08:41:00 1900,31260,True,False
Mon Jan  1 08:42:00 1900,31320,True,False
Mon Jan  1 08:43:00 1900,31380,False,False
Mon Jan  1 08:44:00 1900,31440,True,False
Mon Jan  1 08:45:00 1900,31500,True,False
Mon Jan  1 08:46:00 1900,31560,False,False
Mon Jan  1 08:47:00 1900,31620,True,False
Mon Jan  1 08:48:00 1900,31680,True,False
Mon Jan  1 08:49:00 1900,31740,False,False
Mon Jan  1 08:50:00 1900,31800,True,False
Mon Jan  1 08:51:00 1900,31860,True,False
Mon Jan  1 08:52:00 1900,31920,False,False
Mon Jan  1 08:53:00 1900,31980,True,False
Mon Jan  1 08:54:00 1900,32040,False,False
Mon Jan  1 08:55:00 1900,32100,False,False
Mon Jan  1 08:56:00 1900,32160,True,False
Mon Jan  1 08:57:00 1900,32220,False,False
Mon Jan  1 08:58:00 1900,32280,False,False
Mon Jan  1 08:59:00 1900,32340,False,False
Mon Jan  1 09:00:00 1900,32400,True,False
Mon Jan  1 09:01:00 1900,32460,True,False
Mon Jan  1 09:02:00 1900,32520,False,False
Mon Jan  1 09:03:00 1900,32580,False,False
Mon Jan  1 09:04:00 1900,32640,False,False
Mon Jan  1 09:05:00 1900,32700,True,False
Mon Jan  1 09:06:00 1900,32760,True,False
Mon Jan  1 09:07:00 1900,32820,True,False
Mon Jan  1 09:08:00 1900,32880,True,False
Mon Jan  1 09:09:00 1900,32940,True,False
Mon Jan  1 09:10:00 1900,33000,True,False
Mon Jan  1 09:11:00 1900,33060,True,False
Mon Jan  1 09:12:00 1900,33120,False,False
Mon Jan  1 09:13:00 1900,33180,True,False
Mon Jan  1 09:14:00 1900,33240,True,False
Mon Jan  1 09:15:00 1900,33300,False,False
Mon Jan  1 09:16:00 1900,33360,True,False
Mon Jan  1 09:17:00 1900,33420,True,False
Mon Jan  1 09:18:00 1900,33480,False,False
Mon Jan  1 09:19:00 1900,33540,True,False
Mon Jan  1 09:20:00 1900,33600,False,False
Mon Jan  1 09:21:00 1900,33660,False,False
Mon Jan  1 09:22:00 1900,33720,False,False
Mon Jan  1 09:23:00 1900,33780,False,False
Mon Jan  1 09:24:00 1900,33840,False,False
Mon Jan  1 09:25:00 1900,33900,False,False
Mon Jan  1 09:26:00 1900,33960,True,False
Mon Jan  1 09:27:00 1900,34020,True,False
Mon Jan  1 09:28:00 1900,34080,True,False
Mon Jan  1 09:29:00 1900,34140,False,False
Mon Jan  1 09:30:00 1900,34200,True,False
Mon Jan  1 09:31:00 1900,34260,True,False
Mon Jan  1 09:32:00 1900,34320,True,False
Mon Jan  1 09:33:00 1900,34380,False,False
Mon Jan  1 09:34:00 1900,34440,True,False
Mon Jan  1 09:35:00 1900,34500,False,False
Mon Jan  1 09:36:00 1900,34560,False,False
Mon Jan  1 09:37:00 1900,34620,False,False
Mon Jan  1 09:38:00 1900,34680,False,False
Mon Jan  1 09:39:00 1900,34740,False,False
Mon Jan  1 09:40:00 1900,34800,True,False
Mon Jan  1 09:41:00 1900,34860,True,False
Mon Jan  1 09:42:00 1900,34920,False,False
Mon Jan  1 09:43:00 1900,34980,True,False
Mon Jan  1 09:44:00 1900,35040,False,False
Mon Jan  1 09:45:00 1900,35100,False,False
Mon Jan  1 09:46:00 1900,35160,False,False
Mon Jan  1 09:47:00 1900,35220,True,False
Mon Jan  1 09:48:00 1900,35280,True,False
Mon Jan  1 09:49:00 1900,35340,True,False
Mon Jan  1 09:50:00 1900,35400,True,False
Mon Jan  1 09:51:00 1900,35460,True,False
Mon Jan  1 09:52:00 1900,35520,True,False
Mon Jan  1 09:53:00 1900,35580,True,False
Mon Jan  1 09:54:00 1900,35640,True,False
Mon Jan  1 09:55:00 1900,35700,False,False
Mon Jan  1 09:56:00 1900,35760,True,False
Mon Jan  1 09:57:00 1900,35820,False,False
Mon Jan  1 09:58:00 1900,35880,True,False
Mon Jan  1 09:59:00 1900,35940,False,False
Mon Jan  1 10:00:00 1900,36000,True,False
Mon Jan  1 10:01:00 1900,36060,True,False
Mon Jan  1 10:02:00 1900,36120,False,False
Mon Jan  1 10:03:00 1900,36180,False,False
Mon Jan  1 10:04:00 1900,36240,False,False
Mon Jan  1 10:05:00 1900,36300,False,False
Mon Jan  1 10:06:00 1900,36360,True,False
Mon Jan  1 10:07:00 1900,36420,False,False
Mon Jan  1 10:08:00 1900,36480,True,False
Mon Jan  1 10:09:00 1900,36540,True,False
Mon Jan  1 10:10:00 1900,36600,True,False
Mon Jan  1 10:11:00 1900,36660,True,False
Mon Jan  1 10:12:00 1900,36720,False,False
Mon Jan  1 10:13:00 1900,36780,True,False
Mon Jan  1 10:14:00 1900,36840,False,False
Mon Jan  1 10:15:00 1900,36900,True,False
Mon Jan  1 10:16:00 1900,36960,True,False
Mon Jan  1 10:17:00 1900,37020,True,False
Mon Jan  1 10:18:00 1900,37080,True,False
Mon Jan  1 10:19:00 1900,37140,True,False
Mon Jan  1 10:20:00 1900,37200,False,False
Mon Jan  1 10:21:00 1900,37260,True,False
Mon Jan  1 10:22:00 1900,37320,True,False
Mon Jan  1 10:23:00 1900,37380,True,False
Mon Jan  1 10:24:00 1900,37440,True,False
Mon Jan  1 10:25:00 1900,37500,True,False
Mon Jan  1 10:26:00 1900,37560,True,False
Mon Jan  1 10:27:00 1900,37620,True,False
Mon Jan  1 10:28:00 1900,37680,False,False
Mon Jan  1 10:29:00 1900,37740,True,False
Mon Jan  1 10:30:00 1900,37800,True,False
Mon Jan  1 10:31:00 1900,37860,True,False
Mon Jan  1 10:32:00 1900,37920,True,False
Mon Jan  1 10:33:00 1900,37980,False,False
Mon Jan  1 10:34:00 1900,38040,True,False
Mon Jan  1 10:35:00 1900,38100,True,False
Mon Jan  1 10:36:00 1900,38160,True,False
Mon Jan  1 10:37:00 1900,38220,False,False
Mon Jan  1 10:38:00 1900,38280,True,False
Mon Jan  1 10:39:00 1900,38340,True,False
Mon Jan  1 10:40:00 1900,38400,False,False
Mon Jan  1 10:41:00 1900,38460,True,False
Mon Jan  1 10:42:00 1900,38520,False,False
Mon Jan  1 10:43:00 1900,38580,False,False
Mon Jan  1 10:44:00 1900,38640,True,False
Mon Jan  1 10:45:00 1900,38700,False,False
Mon Jan  1 10:46:00 1900,38760,False,False
Mon Jan  1 10:47:00 1900,38820,False,False
Mon Jan  1 10:48:00 1900,38880,False,False
Mon Jan  1 10:49:00 1900,38940,False,False
Mon Jan  1 10:50:00 1900,39000,True,False
Mon Jan  1 10:51:00 1900,39060,True,False
Mon Jan  1 10:52:00 1900,39120,False,False
Mon Jan  1 10:53:00 1900,39180,True,False
Mon Jan  1 10:54:00 1900,39240,True,False
Mon Jan  1 10:55:00 1900,39300,True,False
Mon Jan  1 10:56:00 1900,39360,True,False
Mon Jan  1 10:57:00 1900,39420,False,False
Mon Jan  1 10:58:00 1900,39480,False,False
Mon Jan  1 10:59:00 1900,39540,False,False
Mon Jan  1 11:00:00 1900,39600,True,False
Mon Jan  1 11:01:00 1900,39660,True,False
Mon Jan  1 11:02:00 1900,39720,True,False
Mon Jan  1 11:03:00 1900,39780,False,False
Mon Jan  1 11:04:00 1900,39840,False,False
Mon Jan  1 11:05:00 1900,39900,False,False
Mon Jan  1 11:06:00 1900,39960,False,False
Mon Jan  1 11:07:00 1900,40020,False,False
Mon Jan  1 11:08:00 1900,40080,True,False
Mon Jan  1 11:09:00 1900,40140,True,False
Mon Jan  1 11:10:00 1900,40200,False,False
Mon Jan  1 11:11:00 1900,40260,False,False
Mon Jan  1 11:12:00 1900,40320,False,False
Mon Jan  1 11:13:00 1900,40380,True,False
Mon Jan  1 11:14:00 1900,40440,True,False
Mon Jan  1 11:15:00 1900,40500,False,False
Mon Jan  1 11:16:00 1900,40560,True,False
Mon Jan  1 11:17:00 1900,40620,True,False
Mon Jan  1 11:18:00 1900,40680,True,False
Mon Jan  1 11:19:00 1900,40740,False,False
Mon Jan  1 11:20:00 1900,40800,True,False
Mon Jan  1 11:21:00 1900,40860,False,False
Mon Jan  1 11:22:00 1900,40920,False,False
Mon Jan  1 11:23:00 1900,40980,False,False
Mon Jan  1 11:24:00 1900,41040,True,False
Mon Jan  1 11:25:00 1900,41100,True,False
Mon Jan  1 11:26:00 1900,41160,True,False
Mon Jan  1 11:27:00 1900,41220,True,False
Mon Jan  1 11:28:00 1900,41280,False,False
Mon Jan  1 11:29:00 1900,41340,True,False
Mon Jan  1 11:30:00 1900,41400,False,False
Mon Jan  1 11:31:00 1900,41460,True,False
Mon Jan  1 11:32:00 1900,41520,True,False
Mon Jan  1 11:33:00 1900,41580,True,False
Mon Jan  1 11:34:00 1900,41640,True,False
Mon Jan  1 11:35:00 1900,41700,False,False
Mon Jan  1 11:36:00 1900,41760,False,False
Mon Jan  1 11:37:00 1900,41820,True,False
Mon Jan  1 11:38:00 1900,41880,False,False
Mon Jan  1 11:39:00 1900,41940,False,False
Mon Jan  1 11:40:00 1900,42000,False,False
Mon Jan  1 11:41:00 1900,42060,False,False
Mon Jan  1 11:42:00 1900,42120,False,False
Mon Jan  1 11:43:00 1900,42180,False,False
Mon Jan  1 11:44:00 1900,42240,True,False
Mon Jan  1 11:45:00 1900,42300,True,False
Mon Jan  1 11:46:00 1900,42360,False,False
Mon Jan  1 11:47:00 1900,42420,True,False
Mon Jan  1 11:48:00 1900,42480,True,False
Mon Jan  1 11:49:00 1900,42540,True,False
Mon Jan  1 11:50:00 1900,42600,True,False
Mon Jan  1 11:51:00 1900,42660,True,False
Mon Jan  1 11:52:00 1900,42720,True,False
Mon Jan  1 11:53:00 1900,42780,True,False
Mon Jan  1 11:54:00 1900,42840,True,False
Mon Jan  1 11:55:00 1900,42900,False,False
Mon Jan  1 11:56:00 1900,42960,False,False
Mon Jan  1 11:57:00 1900,43020,False,False
Mon Jan  1 11:58:00 1900,43080,False,False
Mon Jan  1 11:59:00 1900,43140,False,False
Mon Jan  1 12:00:00 1900,43200,False,False
Mon Jan  1 12:01:00 1900,43260,False,False
Mon Jan  1 12:02:00 1900,43320,True,False
Mon Jan  1 12:03:00 1900,43380,False,False
Mon Jan  1 12:04:00 1900,43440,True,False
Mon Jan  1 12:05:00 1900,43500,True,False
Mon Jan  1 12:06:00 1900,43560,False,False
Mon Jan  1 12:07:00 1900,43620,False,False
Mon Jan  1 12:08:00 1900,43680,False,False
Mon Jan  1 12:09:00 1900,43740,True,False
Mon Jan  1 12:10:00 1900,43800,True,False
Mon Jan  1 12:11:00 1900,43860,False,False
Mon Jan  1 12:12:00 1900,43920,False,False
Mon Jan  1 12:13:00 1900,43980,True,False
Mon Jan  1 12:14:00 1900,44040,True,False
Mon Jan  1 12:15:00 1900,44100,False,False
Mon Jan  1 12:16:00 1900,44160,False,False
Mon Jan  1 12:17:00 1900,44220,True,False
Mon Jan  1 12:18:00 1900,44280,False,False
Mon Jan  1 12:19:00 1900,44340,True,False
Mon Jan  1 12:20:00 1900,44400,True,False
Mon Jan  1 12:21:00 1900,44460,True,False
Mon Jan  1 12:22:00 1900,44520,False,False
Mon Jan  1 12:23:00 1900,44580,False,False
Mon Jan  1 12:24:00 1900,44640,False,False
Mon Jan  1 12:25:00 1900,44700,False,False
Mon Jan  1 12:26:00 1900,44760,False,False
Mon Jan  1 12:27:00 1900,44820,True,False
Mon Jan  1 12:28:00 1900,44880,False,False
Mon Jan  1 12:29:00 1900,44940,False,False
Mon Jan  1 12:30:00 1900,45000,True,False
Mon Jan  1 12:31:00 1900,45060,True,False
Mon Jan  1 12:32:00 1900,45120,True,False
Mon Jan  1 12:33:00 1900,45180,True,False
Mon Jan  1 12:34:00 1900,45240,False,False
Mon Jan  1 12:35:00 1900,45300,False,False
Mon Jan  1 12:36:00 1900,45360,False,False
Mon Jan  1 12:37:00 1900,45420,False,False
Mon Jan  1 12:38:00 1900,45480,True,False
Mon Jan  1 12:39:00 1900,45540,True,False
Mon Jan  1 12:40:00 1900,45600,False,False
Mon Jan  1 12:41:00 1900,45660,False,False
Mon Jan  1 12:42:00 1900,45720,True,False
Mon Jan  1 12:43:00 1900,45780,True,False
Mon Jan  1 12:44:00 1900,45840,False,False
Mon Jan  1 12:45:00 1900,45900,True,False
Mon Jan  1 12:46:00 1900,45960,True,False
Mon Jan  1 12:47:00 1900,46020,True,False
Mon Jan  1 12:48:00 1900,46080,False,False
Mon Jan  1 12:49:00 1900,46140,True,False
Mon Jan  1 12:50:00 1900,46200,True,False
Mon Jan  1 12:51:00 1900,46260,True,False
Mon Jan  1 12:52:00 1900,46320,True,False
Mon Jan  1 12:53:00 1900,46380,False,False
Mon Jan  1 12:54:00 1900,46440,True,False
Mon Jan  1 12:55:00 1900,46500,False,False
Mon Jan  1 12:56:00 1900,46560,True,False
Mon Jan  1 12:57:00 1900,46620,True,False
Mon Jan  1 12:58:00 1900,46680,True,False
Mon Jan  1 12:59:00 1900,46740,True,False
Mon Jan  1 13:00:00 1900,46800,True,False
Mon Jan  1 13:01:00 1900,46860,False,False
Mon Jan  1 13:02:00 1900,46920,False,False
Mon Jan  1 13:03:00 1900,46980,False,False
Mon Jan  1 13:04:00 1900,47040,True,False
Mon Jan  1 13:05:00 1900,47100,False,False
Mon Jan  1 13:06:00 1900,47160,False,False
Mon Jan  1 13:07:00 1900,47220,True,False
Mon Jan  1 13:08:00 1900,47280,True,False
Mon Jan  1 13:09:00 1900,47340,False,False
Mon Jan  1 13:10:00 1900,47400,False,False
Mon Jan  1 13:11:00 1900,47460,True,False
Mon Jan  1 13:12:00 1900,47520,True,False
Mon Jan  1 13:13:00 1900,47580,False,False
Mon Jan  1 13:14:00 1900,47640,True,False
Mon Jan  1 13:15:00 1900,47700,True,False
Mon Jan  1 13:16:00 1900,47760,True,False
Mon Jan  1 13:17:00 1900,47820,True,False
Mon Jan  1 13:18:00 1900,47880,True,False
Mon Jan  1 13:19:00 1900,47940,True,False
Mon Jan  1 13:20:00 1900,48000,False,False
Mon Jan  1 13:21:00 1900,48060,False,False
Mon Jan  1 13:22:00 1900,48120,False,False
Mon Jan  1 13:23:00 1900,48180,True,False
Mon Jan  1 13:24:00 1900,48240,True,False
Mon Jan  1 13:25:00 1900,48300,False,False
Mon Jan  1 13:26:00 1900,48360,True,False
Mon Jan  1 13:27:00 1900,48420,False,False
Mon Jan  1 13:28:00 1900,48480,False,False
Mon Jan  1 13:29:00 1900,48540,True,False
Mon Jan  1 13:30:00 1900,48600,False,False
Mon Jan  1 13:31:00 1900,48660,False,False
Mon Jan  1 13:32:00 1900,48720,True,False
Mon Jan  1 13:33:00 1900,48780,False,False
Mon Jan  1 13:34:00 1900,48840,False,False
Mon Jan  1 13:35:00 1900,48900,False,False
Mon Jan  1 13:36:00 1900,48960,False,False
Mon Jan  1 13:37:00 1900,49020,False,False
Mon Jan  1 13:38:00 1900,49080,False,False
Mon Jan  1 13:39:00 1900,49140,True,False
Mon Jan  1 13:40:00 1900,49200,False,False
Mon Jan  1 13:41:00 1900,49260,False,False
Mon Jan  1 13:42:00 1900,49320,False,False
Mon Jan  1 13:43:00 1900,49380,False,False
Mon Jan  1 13:44:00 1900,49440,False,False
Mon Jan  1 13:45:00 1900,49500,False,False
Mon Jan  1 13:46:00 1900,49560,True,False
Mon Jan  1 13:47:00 1900,49620,False,False
Mon Jan  1 13:48:00 1900,49680,False,False
Mon Jan  1 13:49:00 1900,49740,False,False
Mon Jan  1 13:50:00 1900,49800,True,False
Mon Jan  1 13:51:00 1900,49860,False,False
Mon Jan  1 13:52:00 1900,49920,False,False
Mon Jan  1 13:53:00 1900,49980,False,False
Mon Jan  1 13:54:00 1900,50040,True,False
Mon Jan  1 13:55:00 1900,50100,True,False
Mon Jan  1 13:56:00 1900,50160,False,False
Mon Jan  1 13:57:00 1900,50220,True,False
Mon Jan  1 13:58:00 1900,50280,False,False
Mon Jan  1 13:59:00 1900,50340,True,False
Mon Jan  1 14:00:00 1900,50400,False,False
Mon Jan  1 14:01:00 1900,50460,True,False
Mon Jan  1 14:02:00 1900,50520,True,False
Mon Jan  1 14:03:00 1900,50580,True,False
Mon Jan  1 14:04:00 1900,50640,False,False
Mon Jan  1 14:05:00 1900,50700,False,False
Mon Jan  1 14:06:00 1900,50760,True,False
Mon Jan  1 14:07:00 1900,50820,True,False
Mon Jan  1 14:08:00 1900,50880,False,False
Mon Jan  1 14:09:00 1900,50940,False,False
Mon Jan  1 14:10:00 1900,51000,False,False
Mon Jan  1 14:11:00 1900,51060,True,False
Mon Jan  1 14:12:00 1900,51120,False,False
Mon Jan  1 14:13:00 1900,51180,True,False
Mon Jan  1 14:14:00 1900,51240,True,False
Mon Jan  1 14:15:00 1900,51300,False,False
Mon Jan  1 14:16:00 1900,51360,False,False
Mon Jan  1 14:17:00 1900,51420,False,False
Mon Jan  1 14:18:00 1900,51480,False,False
Mon Jan  1 14:19:00 1900,51540,False,False
Mon Jan  1 14:20:00 1900,51600,False,False
Mon Jan  1 14:21:00 1900,51660,False,False
Mon Jan  1 14:22:00 1900,51720,True,False
Mon Jan  1 14:23:00 1900,51780,False,False
Mon Jan  1 14:24:00 1900,51840,True,False
Mon Jan  1 14:25:00 1900,51900,True,False
Mon Jan  1 14:26:00 1900,51960,False,False
Mon Jan  1 14:27:00 1900,52020,True,False
Mon Jan  1 14:28:00 1900,52080,True,False
Mon Jan  1 14:29:00 1900,52140,True,False
Mon Jan  1 14:30:00 1900,52200,False,False
Mon Jan  1 14:31:00 1900,52260,True,False
Mon Jan  1 14:32:00 1900,52320,False,False
Mon Jan  1 14:33:00 1900,52380,True,False
Mon Jan  1 14:34:00 1900,52440,True,False
Mon Jan  1 14:35:00 1900,52500,True,False
Mon Jan  1 14:36:00 1900,52560,False,False
Mon Jan  1 14:37:00 1900,52620,True,False
Mon Jan  1 14:38:00 1900,52680,False,False
Mon Jan  1 14:39:00 1900,52740,False,False
Mon Jan  1 14:40:00 1900,52800,False,False
Mon Jan  1 14:41:00 1900,52860,True,False
Mon Jan  1 14:42:00 1900,52920,True,False
Mon Jan  1 14:43:00 1900,52980,True,False
Mon Jan  1 14:44:00 1900,53040,True,False
Mon Jan  1 14:45:00 1900,53100,True,False
Mon Jan  1 14:46:00 1900,53160,True,False
Mon Jan  1 14:47:00 1900,53220,False,False
Mon Jan  1 14:48:00 1900,53280,False,False
Mon Jan  1 14:49:00 1900,53340,False,False
Mon Jan  1 14:50:00 1900,53400,True,False
Mon Jan  1 14:51:00 1900,53460,False,False
Mon Jan  1 14:52:00 1900,53520,True,False
Mon Jan  1 14:53:00 1900,53580,False,False
Mon Jan  1 14:54:00 1900,53640,True,False
Mon Jan  1 14:55:00 1900,53700,False,False
Mon Jan  1 14:56:00 1900,53760,False,False
Mon Jan  1 14:57:00 1900,53820,True,False
Mon Jan  1 14:58:00 1900,53880,True,False
Mon Jan  1 14:59:00 1900,53940,True,False
Mon Jan  1 15:00:00 1900,54000,True,False
Mon Jan  1 15:01:00 1900,54060,True,False
Mon Jan  1 15:02:00 1900,54120,True,False
Mon Jan  1 15:03:00 1900,54180,True,False
Mon Jan  1 15:04:00 1900,54240,False,False
Mon Jan  1 15:05:00 1900,54300,True,False
Mon Jan  1 15:06:00 1900,54360,True,False
Mon Jan  1 15:07:00 1900,54420,False,False
Mon Jan  1 15:08:00 1900,54480,True,False
Mon Jan  1 15:09:00 1900,54540,False,False
Mon Jan  1 15:10:00 1900,54600,False,False
Mon Jan  1 15:11:00 1900,54660,False,False
Mon Jan  1 15:12:00 1900,54720,True,False
Mon Jan  1 15:13:00 1900,54780,True,False
Mon Jan  1 15:14:00 1900,54840,True,False
Mon Jan  1 15:15:00 1900,54900,True,False
Mon Jan  1 15:16:00 1900,54960,False,False
Mon Jan  1 15:17:00 1900,55020,True,False
Mon Jan  1 15:18:00 1900,55080,True,False
Mon Jan  1 15:19:00 1900,55140,False,False
Mon Jan  1 15:20:00 1900,55200,False,False
Mon Jan  1 15:21:00 1900,55260,True,False
Mon Jan  1 15:22:00 1900,55320,True,False
Mon Jan  1 15:23:00 1900,55380,True,False
Mon Jan  1 15:24:00 1900,55440,True,False
Mon Jan  1 15:25:00 1900,55500,False,False
Mon Jan  1 15:26:00 1900,55560,False,False
Mon Jan  1 15:27:00 1900,55620,True,False
Mon Jan  1 15:28:00 1900,55680,False,False
Mon Jan  1 15:29:00 1900,55740,True,False
Mon Jan  1 15:30:00 1900,55800,True,False
Mon Jan  1 15:31:00 1900,55860,True,False
Mon Jan  1 15:32:00 1900,55920,True,False
Mon Jan  1 15:33:00 1900,55980,False,False
Mon Jan  1 15:34:00 1900,56040,False,False
Mon Jan  1 15:35:00 1900,56100,True,False
Mon Jan  1 15:36:00 1900,56160,True,False
Mon Jan  1 15:37:00 1900,56220,False,False
Mon Jan  1 15:38:00 1900,56280,True,False
Mon Jan  1 15:39:00 1900,56340,False,False
Mon Jan  1 15:40:00 1900,56400,False,False
Mon Jan  1 15:41:00 1900,56460,True,False
Mon Jan  1 15:42:00 1900,56520,False,False
Mon Jan  1 15:43:00 1900,56580,False,False
Mon Jan  1 15:44:00 1900,56640,True,False
Mon Jan  1 15:45:00 1900,56700,False,False
Mon Jan  1 15:46:00 1900,56760,False,False
Mon Jan  1 15:47:00 1900,56820,False,False
Mon Jan  1 15:48:00 1900,56880,True,False
Mon Jan  1 15:49:00 1900,56940,True,False
Mon Jan  1 15:50:00 1900,57000,False,False
Mon Jan  1 15:51:00 1900,57060,True,False
Mon Jan  1 15:52:00 1900,57120,True,False
Mon Jan  1 15:53:00 1900,57180,True,False
Mon Jan  1 15:54:00 1900,57240,True,False
Mon Jan  1 15:55:00 1900,57300,True,False
Mon Jan  1 15:56:00 1900,57360,True,False
Mon Jan  1 15:57:00 1900,57420,True,False
Mon Jan  1 15:58:00 1900,57480,True,False
Mon Jan  1 15:59:00 1900,57540,False,False
Mon Jan  1 16:00:00 1900,57600,False,False
Mon Jan  1 16:01:00 1900,57660,True,False
Mon Jan  1 16:02:00 1900,57720,False,False
Mon Jan  1 16:03:00 1900,57780,False,False
Mon Jan  1 16:04:00 1900,57840,True,False
Mon Jan  1 16:05:00 1900,57900,True,False
Mon Jan  1 16:06:00 1900,57960,True,False
Mon Jan  1 16:07:00 1900,58020,True,False
Mon Jan  1 16:08:00 1900,58080,True,False
Mon Jan  1 16:09:00 1900,58140,False,False
Mon Jan  1 16:10:00 1900,58200,False,False
Mon Jan  1 16:11:00 1900,58260,True,False
Mon Jan  1 16:12:00 1900,58320,False,False
Mon Jan  1 16:13:00 1900,58380,True,False
Mon Jan  1 16:14:00 1900,58440,True,False
Mon Jan  1 16:15:00 1900,58500,True,False
Mon Jan  1 16:16:00 1900,58560,False,False
Mon Jan  1 16:17:00 1900,58620,True,False
Mon Jan  1 16:18:00 1900,58680,True,False
Mon Jan  1 16:19:00 1900,58740,True,False
Mon Jan  1 16:20:00 1900,58800,False,False
Mon Jan  1 16:21:00 1900,58860,False,False
Mon Jan  1 16:22:00 1900,58920,True,False
Mon Jan  1 16:23:00 1900,58980,True,False
Mon Jan  1 16:24:00 1900,59040,True,False
Mon Jan  1 16:25:00 1900,59100,False,False
Mon Jan  1 16:26:00 1900,59160,True,False
Mon Jan  1 16:27:00 1900,59220,False,False
Mon Jan  1 16:28:00 1900,59280,False,False
Mon Jan  1 16:29:00 1900,59340,True,False
Mon Jan  1 16:30:00 1900,59400,True,False
Mon Jan  1 16:31:00 1900,59460,True,False
Mon Jan  1 16:32:00 1900,59520,True,False
Mon Jan  1 16:33:00 1900,59580,False,False
Mon Jan  1 16:34:00 1900,59640,True,False
Mon Jan  1 16:35:00 1900,59700,True,False
Mon Jan  1 16:36:00 1900,59760,True,False
Mon Jan  1 16:37:00 1900,59820,False,False
Mon Jan  1 16:38:00 1900,59880,False,False
Mon Jan  1 16:39:00 1900,59940,False,False
Mon Jan  1 16:40:00 1900,60000,False,False
Mon Jan  1 16:41:00 1900,60060,False,False
Mon Jan  1 16:42:00 1900,60120,False,False
Mon Jan  1 16:43:00 1900,60180,False,False
Mon Jan  1 16:44:00 1900,60240,True,False
Mon Jan  1 16:45:00 1900,60300,False,False
Mon Jan  1 16:46:00 1900,60360,False,False
Mon Jan  1 16:47:00 1900,60420,True,False
Mon Jan  1 16:48:00 1900,60480,True,False
Mon Jan  1 16:49:00 1900,60540,True,False
Mon Jan  1 16:50:00 1900,60600,False,False
Mon Jan  1 16:51:00 1900,60660,False,False
Mon Jan  1 16:52:00 1900,60720,False,False
Mon Jan  1 16:53:00 1900,60780,False,False
Mon Jan  1 16:54:00 1900,60840,False,False
Mon Jan  1 16:55:00 1900,60900,False,False
Mon Jan  1 16:56:00 1900,60960,False,False
Mon Jan  1 16:57:00 1900,61020,True,False
Mon Jan  1 16:58:00 1900,61080,True,False
Mon Jan  1 16:59:00 1900,61140,True,False
Mon Jan  1 17:00:00 1900,61200,True,False
Mon Jan  1 17:01:00 1900,61260,True,False
Mon Jan  1 17:02:00 1900,61320,True,False
Mon Jan  1 17:03:00 1900,61380,True,False
Mon Jan  1 17:04:00 1900,61440,True,False
Mon Jan  1 17:05:00 1900,61500,True,False
Mon Jan  1 17:06:00 1900,61560,True,False
Mon Jan  1 17:07:00 1900,61620,True,False
Mon Jan  1 17:08:00 1900,61680,True,False
Mon Jan  1 17:09:00 1900,61740,False,False
Mon Jan  1 17:10:00 1900,61800,False,False
Mon Jan  1 17:11:00 1900,61860,True,False
Mon Jan  1 17:12:00 1900,61920,True,False
Mon Jan  1 17:13:00 1900,61980,True,False
Mon Jan  1 17:14:00 1900,62040,False,False
Mon Jan  1 17:15:00 1900,62100,True,False
Mon Jan  1 17:16:00 1900,62160,True,False
Mon Jan  1 17:17:00 1900,62220,False,False
Mon Jan  1 17:18:00 1900,62280,True,False
Mon Jan  1 17:19:00 1900,62340,True,False
Mon Jan  1 17:20:00 1900,62400,False,False
Mon Jan  1 17:21:00 1900,62460,False,False
Mon Jan  1 17:22:00 1900,62520,True,False
Mon Jan  1 17:23:00 1900,62580,False,False
Mon Jan  1 17:24:00 1900,62640,True,False
Mon Jan  1 17:25:00 1900,62700,True,False
Mon Jan  1 17:26:00 1900,62760,True,False
Mon Jan  1 17:27:00 1900,62820,False,False
Mon Jan  1 17:28:00 1900,62880,False,False
Mon Jan  1 17:29:00 1900,62940,True,False
Mon Jan  1 17:30:00 1900,63000,True,False
Mon Jan  1 17:31:00 1900,63060,True,False
Mon Jan  1 17:32:00 1900,63120,False,False
Mon Jan  1 17:33:00 1900,63180,False,False
Mon Jan  1 17:34:00 1900,63240,True,False
Mon Jan  1 17:35:00 1900,63300,False,False
Mon Jan  1 17:36:00 1900,63360,True,False
Mon Jan  1 17:37:00 1900,63420,True,False
Mon Jan  1 17:38:00 1900,63480,False,False
Mon Jan  1 17:39:00 1900,63540,True,False
Mon Jan  1 17:40:00 1900,63600,False,False
Mon Jan  1 17:41:00 1900,63660,True,False
Mon Jan  1 17:42:00 1900,63720,True,False
Mon Jan  1 17:43:00 1900,63780,False,False
Mon Jan  1 17:44:00 1900,63840,True,False
Mon Jan  1 17:45:00 1900,63900,False,False
Mon Jan  1 17:46:00 1900,63960,True,False
Mon Jan  1 17:47:00 1900,64020,True,False
Mon Jan  1 17:48:00 1900,64080,False,False
Mon Jan  1 17:49:00 1900,64140,False,False
Mon Jan  1 17:50:00 1900,64200,False,False
Mon Jan  1 17:51:00 1900,64260,False,False
Mon Jan  1 17:52:00 1900,64320,True,False
Mon Jan  1 17:53:00 1900,64380,False,False
Mon Jan  1 17:54:00 1900,64440,True,False
Mon Jan  1 17:55:00 1900,64500,False,False
Mon Jan  1 17:56:00 1900,64560,False,False
Mon Jan  1 17:57:00 1900,64620,False,False
Mon Jan  1 17:58:00 1900,64680,False,False
Mon Jan  1 17:59:00 1900,64740,False,False
Mon Jan  1 18:00:00 1900,64800,True,True
Mon Jan  1 18:01:00 1900,64860,True,True
Mon Jan  1 18:02:00 1900,64920,False,False
Mon Jan  1 18:03:00 1900,64980,False,False
Mon Jan  1 18:04:00 1900,65040,True,True
Mon Jan  1 18:05:00 1900,65100,True,True
Mon Jan  1 18:06:00 1900,65160,True,True
Mon Jan  1 18:07:00 1900,65220,False,False
Mon Jan  1 18:08:00 1900,65280,False,False
Mon Jan  1 18:09:00 1900,65340,False,False
Mon Jan  1 18:10:00 1900,65400,True,True
Mon Jan  1 18:11:00 1900,65460,True,True
Mon Jan  1 18:12:00 1900,65520,False,False
Mon Jan  1 18:13:00 1900,65580,True,True
Mon Jan  1 18:14:00 1900,65640,True,True
Mon Jan  1 18:15:00 1900,65700,True,True
Mon Jan  1 18:16:00 1900,65760,True,True
Mon Jan  1 18:17:00 1900,65820,True,True
Mon Jan  1 18:18:00 1900,65880,True,True
Mon Jan  1 18:19:00 1900,65940,False,False
Mon Jan  1 18:20:00 1900,66000,True,True
Mon Jan  1 18:21:00 1900,66060,True,True
Mon Jan  1 18:22:00 1900,66120,False,False
Mon Jan  1 18:23:00 1900,66180,False,False
Mon Jan  1 18:24:00 1900,66240,True,True
Mon Jan  1 18:25:00 1900,66300,False,False
Mon Jan  1 18:26:00 1900,66360,False,False
Mon Jan  1 18:27:00 1900,66420,False,False
Mon Jan  1 18:28:00 1900,66480,True,True
Mon Jan  1 18:29:00 1900,66540,True,True
Mon Jan  1 18:30:00 1900,66600,True,True
Mon Jan  1 18:31:00 1900,66660,False,False
Mon Jan  1 18:32:00 1900,66720,False,False
Mon Jan  1 18:33:00 1900,66780,True,True
Mon Jan  1 18:34:00 1900,66840,True,True
Mon Jan  1 18:35:00 1900,66900,True,True
Mon Jan  1 18:36:00 1900,66960,True,True
Mon Jan  1 18:37:00 1900,67020,False,False
Mon Jan  1 18:38:00 1900,67080,False,False
Mon Jan  1 18:39:00 1900,67140,False,False
Mon Jan  1 18:40:00 1900,67200,True,True
Mon Jan  1 18:41:00 1900,67260,True,True
Mon Jan  1 18:42:00 1900,67320,True,True
Mon Jan  1 18:43:00 1900,67380,True,True
Mon Jan  1 18:44:00 1900,67440,True,True
Mon Jan  1 18:45:00 1900,67500,True,True
Mon Jan  1 18:46:00 1900,67560,True,True
Mon Jan  1 18:47:00 1900,67620,False,False
Mon Jan  1 18:48:00 1900,67680,False,False
Mon Jan  1 18:49:00 1900,67740,False,False
Mon Jan  1 18:50:00 1900,67800,False,False
Mon Jan  1 18:51:00 1900,67860,False,False
Mon Jan  1 18:52:00 1900,67920,False,False
Mon Jan  1 18:53:00 1900,67980,False,False
Mon Jan  1 18:54:00 1900,68040,True,True
Mon Jan  1 18:55:00 1900,68100,True,True
Mon Jan  1 18:56:00 1900,68160,False,False
Mon Jan  1 18:57:00 1900,68220,True,True
Mon Jan  1 18:58:00 1900,68280,False,False
Mon Jan  1 18:59:00 1900,68340,True,True
Mon Jan  1 19:00:00 1900,68400,False,False
Mon Jan  1 19:01:00 1900,68460,True,True
Mon Jan  1 19:02:00 1900,68520,True,True
Mon Jan  1 19:03:00 1900,68580,False,False
Mon Jan  1 19:04:00 1900,68640,True,True
Mon Jan  1 19:05:00 1900,68700,True,True
Mon Jan  1 19:06:00 1900,68760,False,False
Mon Jan  1 19:07:00 1900,68820,True,True
Mon Jan  1 19:08:00 1900,68880,False,False
Mon Jan  1 19:09:00 1900,68940,False,False
Mon Jan  1 19:10:00 1900,69000,False,False
Mon Jan  1 19:11:00 1900,69060,False,False
Mon Jan  1 19:12:00 1900,69120,False,False
Mon Jan  1 19:13:00 1900,69180,False,False
Mon Jan  1 19:14:00 1900,69240,True,True
Mon Jan  1 19:15:00 1900,69300,False,False
Mon Jan  1 19:16:00 1900,69360,False,False
Mon Jan  1 19:17:00 1900,69420,False,False
Mon Jan  1 19:18:00 1900,69480,False,False
Mon Jan  1 19:19:00 1900,69540,True,True
Mon Jan  1 19:20:00 1900,69600,False,False
Mon Jan  1 19:21:00 1900,69660,False,False
Mon Jan  1 19:22:00 1900,69720,False,False
Mon Jan  1 19:23:00 1900,69780,False,False
Mon Jan  1 19:24:00 1900,69840,True,True
Mon Jan  1 19:25:00 1900,69900,True,True
Mon Jan  1 19:26:00 1900,69960,True,True
Mon Jan  1 19:27:00 1900,70020,True,True
Mon Jan  1 19:28:00 1900,70080,True,True
Mon Jan  1 19:29:00 1900,70140,False,False
Mon Jan  1 19:30:00 1900,70200,False,False
Mon Jan  1 19:31:00 1900,70260,False,False
Mon Jan  1 19:32:00 1900,70320,True,True
Mon Jan  1 19:33:00 1900,70380,True,True
Mon Jan  1 19:34:00 1900,70440,True,True
Mon Jan  1 19:35:00 1900,70500,True,True
Mon Jan  1 19:36:00 1900,70560,True,True
Mon Jan  1 19:37:00 1900,70620,True,True
Mon Jan  1 19:38:00 1900,70680,True,True
Mon Jan  1 19:39:00 1900,70740,False,False
Mon Jan  1 19:40:00 1900,70800,True,True
Mon Jan  1 19:41:00 1900,70860,True,True
Mon Jan  1 19:42:00 1900,70920,True,True
Mon Jan  1 19:43:00 1900,70980,False,False
Mon Jan  1 19:44:00 1900,71040,False,False
Mon Jan  1 19:45:00 1900,71100,True,True
Mon Jan  1 19:46:00 1900,71160,False,False
Mon Jan  1 19:47:00 1900,71220,True,True
Mon Jan  1 19:48:00 1900,71280,False,False
Mon Jan  1 19:49:00 1900,71340,False,False
Mon Jan  1 19:50:00 1900,71400,True,True
Mon Jan  1 19:51:00 1900,71460,True,True
Mon Jan  1 19:52:00 1900,71520,True,True
Mon Jan  1 19:53:00 1900,71580,False,False
Mon Jan  1 19:54:00 1900,71640,True,True
Mon Jan  1 19:55:00 1900,71700,True,True
Mon Jan  1 19:56:00 1900,71760,False,False
Mon Jan  1 19:57:00 1900,71820,False,False
Mon Jan  1 19:58:00 1900,71880,False,False
Mon Jan  1 19:59:00 1900,71940,True,True
Mon Jan  1 20:00:00 1900,72000,True,True
Mon Jan  1 20:01:00 1900,72060,True,True
Mon Jan  1 20:02:00 1900,72120,False,False
Mon Jan  1 20:03:00 1900,72180,True,True
Mon Jan  1 20:04:00 1900,72240,False,False
Mon Jan  1 20:05:00 1900,72300,False,False
Mon Jan  1 20:06:00 1900,72360,False,False
Mon Jan  1 20:07:00 1900,72420,False,False
Mon Jan  1 20:08:00 1900,72480,False,False
Mon Jan  1 20:09:00 1900,72540,False,False
Mon Jan  1 20:10:00 1900,72600,True,True
Mon Jan  1 20:11:00 1900,72660,True,True
Mon Jan  1 20:12:00 1900,72720,False,False
Mon Jan  1 20:13:00 1900,72780,True,True
Mon Jan  1 20:14:00 1900,72840,True,True
Mon Jan  1 20:15:00 1900,72900,True,True
Mon Jan  1 20:16:00 1900,72960,True,True
Mon Jan  1 20:17:00 1900,73020,False,False
Mon Jan  1 20:18:00 1900,73080,False,False
Mon Jan  1 20:19:00 1900,73140,True,True
Mon Jan  1 20:20:00 1900,73200,False,False
Mon Jan  1 20:21:00 1900,73260,False,False
Mon Jan  1 20:22:00 1900,73320,False,False
Mon Jan  1 20:23:00 1900,73380,False,False
Mon Jan  1 20:24:00 1900,73440,True,True
Mon Jan  1 20:25:00 1900,73500,False,False
Mon Jan  1 20:26:00 1900,73560,True,True
Mon Jan  1 20:27:00 1900,73620,True,True
Mon Jan  1 20:28:00 1900,73680,True,True
Mon Jan  1 20:29:00 1900,73740,False,False
Mon Jan  1 20:30:00 1900,73800,True,True
Mon Jan  1 20:31:00 1900,73860,True,True
Mon Jan  1 20:32:00 1900,73920,False,False
Mon Jan  1 20:33:00 1900,73980,False,False
Mon Jan  1 20:34:00 1900,74040,False,False
Mon Jan  1 20:35:00 1900,74100,True,True
Mon Jan  1 20:36:00 1900,74160,True,True
Mon Jan  1 20:37:00 1900,74220,False,False
Mon Jan  1 20:38:00 1900,74280,False,False
Mon Jan  1 20:39:00 1900,74340,False,False
Mon Jan  1 20:40:00 1900,74400,False,False
Mon Jan  1 20:41:00 1900,74460,False,False
Mon Jan  1 20:42:00 1900,74520,True,True
Mon Jan  1 20:43:00 1900,74580,False,False
Mon Jan  1 20:44:00 1900,74640,False,False
Mon Jan  1 20:45:00 1900,74700,True,True
Mon Jan  1 20:46:00 1900,74760,True,True
Mon Jan  1 20:47:00 1900,74820,False,False
Mon Jan  1 20:48:00 1900,74880,False,False
Mon Jan  1 20:49:00 1900,74940,False,False
Mon Jan  1 20:50:00 1900,75000,False,False
Mon Jan  1 20:51:00 1900,75060,False,False
Mon Jan  1 20:52:00 1900,75120,True,True
Mon Jan  1 20:53:00 1900,75180,True,True
Mon Jan  1 20:54:00 1900,75240,False,False
Mon Jan  1 20:55:00 1900,75300,True,True
Mon Jan  1 20:56:00 1900,75360,True,True
Mon Jan  1 20:57:00 1900,75420,False,False
Mon Jan  1 20:58:00 1900,75480,False,False
Mon Jan  1 20:59:00 1900,75540,False,False
Mon Jan  1 21:00:00 1900,75600,False,False
Mon Jan  1 21:01:00 1900,75660,False,False
Mon Jan  1 21:02:00 1900,75720,True,True
Mon Jan  1 21:03:00 1900,75780,False,False
Mon Jan  1 21:04:00 1900,75840,True,True
Mon Jan  1 21:05:00 1900,75900,True,True
Mon Jan  1 21:06:00 1900,75960,False,False
Mon Jan  1 21:07:00 1900,76020,True,True
Mon Jan  1 21:08:00 1900,76080,False,False
Mon Jan  1 21:09:00 1900,76140,True,True
Mon Jan  1 21:10:00 1900,76200,False,False
Mon Jan  1 21:11:00 1900,76260,False,False
Mon Jan  1 21:12:00 1900,76320,False,False
Mon Jan  1 21:13:00 1900,76380,True,True
Mon Jan  1 21:14:00 1900,76440,True,True
Mon Jan  1 21:15:00 1900,76500,True,True
Mon Jan  1 21:16:00 1900,76560,True,True
Mon Jan  1 21:17:00 1900,76620,True,True
Mon Jan  1 21:18:00 1900,76680,True,True
Mon Jan  1 21:19:00 1900,76740,True,True
Mon Jan  1 21:20:00 1900,76800,False,False
Mon Jan  1 21:21:00 1900,76860,False,False
Mon Jan  1 21:22:00 1900,76920,True,True
Mon Jan  1 21:23:00 1900,76980,False,False
Mon Jan  1 21:24:00 1900,77040,True,True
Mon Jan  1 21:25:00 1900,77100,False,False
Mon Jan  1 21:26:00 1900,77160,True,True
Mon Jan  1 21:27:00 1900,77220,True,True
Mon Jan  1 21:28:00 1900,77280,True,True
Mon Jan  1 21:29:00 1900,77340,False,False
Mon Jan  1 21:30:00 1900,77400,False,False
Mon Jan  1 21:31:00 1900,77460,True,True
Mon Jan  1 21:32:00 1900,77520,True,True
Mon Jan  1 21:33:00 1900,77580,False,False
Mon Jan  1 21:34:00 1900,77640,False,False
Mon Jan  1 21:35:00 1900,77700,False,False
Mon Jan  1 21:36:00 1900,77760,False,False
Mon Jan  1 21:37:00 1900,77820,True,True
Mon Jan  1 21:38:00 1900,77880,True,True
Mon Jan  1 21:39:00 1900,77940,True,True
Mon Jan  1 21:40:00 1900,78000,False,False
Mon Jan  1 21:41:00 1900,78060,True,True
Mon Jan  1 21:42:00 1900,78120,False,False
Mon Jan  1 21:43:00 1900,78180,False,False
Mon Jan  1 21:44:00 1900,78240,True,True
Mon Jan  1 21:45:00 1900,78300,False,False
Mon Jan  1 21:46:00 1900,78360,True,True
Mon Jan  1 21:47:00 1900,78420,True,True
Mon Jan  1 21:48:00 1900,78480,False,False
Mon Jan  1 21:49:00 1900,78540,False,False
Mon Jan  1 21:50:00 1900,78600,True,True
Mon Jan  1 21:51:00 1900,78660,True,True
Mon Jan  1 21:52:00 1900,78720,False,False
Mon Jan  1 21:53:00 1900,78780,False,False
Mon Jan  1 21:54:00 1900,78840,False,False
Mon Jan  1 21:55:00 1900,78900,False,False
Mon Jan  1 21:56:00 1900,78960,False,False
Mon Jan  1 21:57:00 1900,79020,True,True
Mon Jan  1 21:58:00 1900,79080,True,True
Mon Jan  1 21:59:00 1900,79140,True,True
Mon Jan  1 22:00:00 1900,79200,False,False
Mon Jan  1 22:01:00 1900,79260,False,False
Mon Jan  1 22:02:00 1900,79320,False,False
Mon Jan  1 22:03:00 1900,79380,True,True
Mon Jan  1 22:04:00 1900,79440,False,False
Mon Jan  1 22:05:00 1900,79500,False,False
Mon Jan  1 22:06:00 1900,79560,False,False
Mon Jan  1 22:07:00 1900,79620,True,True
Mon Jan  1 22:08:00 1900,79680,True,True
Mon Jan  1 22:09:00 1900,79740,False,False
Mon Jan  1 22:10:00 1900,79800,True,True
Mon Jan  1 22:11:00 1900,79860,False,False
Mon Jan  1 22:12:00 1900,79920,False,False
Mon Jan  1 22:13:00 1900,79980,False,False
Mon Jan  1 22:14:00 1900,80040,True,True
Mon Jan  1 22:15:00 1900,80100,False,False
Mon Jan  1 22:16:00 1900,80160,True,True
Mon Jan  1 22:17:00 1900,80220,False,False
Mon Jan  1 22:18:00 1900,80280,False,False
Mon Jan  1 22:19:00 1900,80340,False,False
Mon Jan  1 22:20:00 1900,80400,True,True
Mon Jan  1 22:21:00 1900,80460,False,False
Mon Jan  1 22:22:00 1900,80520,True,True
Mon Jan  1 22:23:00 1900,80580,False,False
Mon Jan  1 22:24:00 1900,80640,True,True
Mon Jan  1 22:25:00 1900,80700,False,False
Mon Jan  1 22:26:00 1900,80760,False,False
Mon Jan  1 22:27:00 1900,80820,False,False
Mon Jan  1 22:28:00 1900,80880,True,True
Mon Jan  1 22:29:00 1900,80940,True,True
Mon Jan  1 22:30:00 1900,81000,False,False
Mon Jan  1 22:31:00 1900,81060,False,False
Mon Jan  1 22:32:00 1900,81120,False,False
Mon Jan  1 22:33:00 1900,81180,False,False
Mon Jan  1 22:34:00 1900,81240,False,False
Mon Jan  1 22:35:00 1900,81300,True,True
Mon Jan  1 22:36:00 1900,81360,True,True
Mon Jan  1 22:37:00 1900,81420,True,True
Mon Jan  1 22:38:00 1900,81480,False,False
Mon Jan  1 22:39:00 1900,81540,False,False
Mon Jan  1 22:40:00 1900,81600,False,False
Mon Jan  1 22:41:00 1900,81660,True,True
Mon Jan  1 22:42:00 1900,81720,False,False
Mon Jan  1 22:43:00 1900,81780,True,True
Mon Jan  1 22:44:00 1900,81840,True,True
Mon Jan  1 22:45:00 1900,81900,False,False
Mon Jan  1 22:46:00 1900,81960,True,True
Mon Jan  1 22:47:00 1900,82020,False,False
Mon Jan  1 22:48:00 1900,82080,False,False
Mon Jan  1 22:49:00 1900,82140,False,False
Mon Jan  1 22:50:00 1900,82200,False,False
Mon Jan  1 22:51:00 1900,82260,False,False
Mon Jan  1 22:52:00 1900,82320,True,True
Mon Jan  1 22:53:00 1900,82380,True,True
Mon Jan  1 22:54:00 1900,82440,False,False
Mon Jan  1 22:55:00 1900,82500,True,True
Mon Jan  1 22:56:00 1900,82560,False,False
Mon Jan  1 22:57:00 1900,82620,True,True
Mon Jan  1 22:58:00 1900,82680,False,False
Mon Jan  1 22:59:00 1900,82740,True,True
Mon Jan  1 23:00:00 1900,82800,True,True
Mon Jan  1 23:01:00 1900,82860,True,True
Mon Jan  1 23:02:00 1900,82920,False,False
Mon Jan  1 23:03:00 1900,82980,True,True
Mon Jan  1 23:04:00 1900,83040,True,True
Mon Jan  1 23:05:00 1900,83100,False,False
Mon Jan  1 23:06:00 1900,83160,True,True
Mon Jan  1 23:07:00 1900,83220,True,True
Mon Jan  1 23:08:00 1900,83280,True,True
Mon Jan  1 23:09:00 1900,83340,False,False
Mon Jan  1 23:10:00 1900,83400,True,True
Mon Jan  1 23:11:00 1900,83460,False,False
Mon Jan  1 23:12:00 1900,83520,False,False
Mon Jan  1 23:13:00 1900,83580,True,True
Mon Jan  1 23:14:00 1900,83640,False,False
Mon Jan  1 23:15:00 1900,83700,True,True
Mon Jan  1 23:16:00 1900,83760,True,True
Mon Jan  1 23:17:00 1900,83820,True,True
Mon Jan  1 23:18:00 1900,83880,True,True
Mon Jan  1 23:19:00 1900,83940,True,True
Mon Jan  1 23:20:00 1900,84000,False,False
Mon Jan  1 23:21:00 1900,84060,False,False
Mon Jan  1 23:22:00 1900,84120,True,True
Mon Jan  1 23:23:00 1900,84180,False,False
Mon Jan  1 23:24:00 1900,84240,True,True
Mon Jan  1 23:25:00 1900,84300,True,True
Mon Jan  1 23:26:00 1900,84360,False,False
Mon Jan  1 23:27:00 1900,84420,False,False
Mon Jan  1 23:28:00 1900,84480,True,True
Mon Jan  1 23:29:00 1900,84540,False,False
Mon Jan  1 23:30:00 1900,84600,False,False
Mon Jan  1 23:31:00 1900,84660,True,True
Mon Jan  1 23:32:00 1900,84720,False,False
Mon Jan  1 23:33:00 1900,84780,True,True
Mon Jan  1 23:34:00 1900,84840,True,True
Mon Jan  1 23:35:00 1900,84900,False,False
Mon Jan  1 23:36:00 1900,84960,True,True
Mon Jan  1 23:37:00 1900,85020,True,True
Mon Jan  1 23:38:00 1900,85080,True,True
Mon Jan  1 23:39:00 1900,85140,False,False
Mon Jan  1 23:40:00 1900,85200,False,False
Mon Jan  1 23:41:00 1900,85260,True,True
Mon Jan  1 23:42:00 1900,85320,True,True
Mon Jan  1 23:43:00 1900,85380,False,False
Mon Jan  1 23:44:00 1900,85440,True,True
Mon Jan  1 23:45:00 1900,85500,False,False
Mon Jan  1 23:46:00 1900,85560,True,True
Mon Jan  1 23:47:00 1900,85620,True,True
Mon Jan  1 23:48:00 1900,85680,True,True
Mon Jan  1 23:49:00 1900,85740,False,False
Mon Jan  1 23:50:00 1900,85800,True,True
Mon Jan  1 23:51:00 1900,85860,False,False
Mon Jan  1 23:52:00 1900,85920,False,False
Mon Jan  1 23:53:00 1900,85980,True,True
Mon Jan  1 23:54:00 1900,86040,True,True
Mon Jan  1 23:55:00 1900,86100,True,True
Mon Jan  1 23:56:00 1900,86160,False,False
Mon Jan  1 23:57:00 1900,86220,True,True
Mon Jan  1 23:58:00 1900,86280,True,True
Mon Jan  1 23:59:00 1900,86340,True,True
Mon Jan  1 00:00:00 1900,86400,False,False
